{"cameraMode":{"drawMode":0,"name":"Shaded","section":"Shading Mode"},"sceneLighting":true,"audioPlay":false,"sceneViewState":{"showFog":true,"showMaterialUpdate":true,"showSkybox":true,"showFlares":true,"showImageEffects":true,"showParticleSystems":true},"in2DMode":false,"pivot":{"x":-11.306903839111329,"y":1.4114007949829102,"z":4.649733066558838},"rotation":{"x":-0.07251377403736115,"y":-0.6252073049545288,"z":0.058508019894361499,"w":-0.7748770713806152},"size":9.691609382629395,"orthographic":false}