{"cameraMode":{"drawMode":0,"name":"Shaded","section":"Shading Mode"},"sceneLighting":true,"audioPlay":false,"sceneViewState":{"showFog":true,"showMaterialUpdate":true,"showSkybox":true,"showFlares":true,"showImageEffects":true,"showParticleSystems":true},"in2DMode":false,"pivot":{"x":68.85153198242188,"y":9.151506423950196,"z":2.9276199340820314},"rotation":{"x":0.06373541057109833,"y":-0.9038535356521606,"z":0.1449362337589264,"w":0.39746853709220889},"size":8.575233459472657,"orthographic":false}