{"cameraMode":{"drawMode":0,"name":"Shaded","section":"Shading Mode"},"sceneLighting":true,"audioPlay":false,"sceneViewState":{"showFog":true,"showMaterialUpdate":true,"showSkybox":true,"showFlares":true,"showImageEffects":true,"showParticleSystems":true},"in2DMode":false,"pivot":{"x":112.50608825683594,"y":-17.545991897583009,"z":9.258163452148438},"rotation":{"x":0.7125633955001831,"y":-0.051377538591623309,"z":0.0524679534137249,"w":0.6977545619010925},"size":43.09584426879883,"orthographic":true}