{"cameraMode":{"drawMode":0,"name":"Shaded","section":"Shading Mode"},"sceneLighting":true,"audioPlay":false,"sceneViewState":{"showFog":true,"showMaterialUpdate":true,"showSkybox":true,"showFlares":true,"showImageEffects":true,"showParticleSystems":true},"in2DMode":false,"pivot":{"x":126.46731567382813,"y":3.6733558177948,"z":1.4863393306732178},"rotation":{"x":0.02182282879948616,"y":-0.7438661456108093,"z":-0.024332715198397638,"w":-0.6675593852996826},"size":3.2037556171417238,"orthographic":false}